4, #мояраспаковка Во первых ,мне понравился дизайн этих наушников ибо они не выглядят на 600 гривен,а на много дороже. Приятный на ощупь пластик и мягкие амбушюры. Достав их из коробки у меня не возникло никаких проблем при подключении к телефону. На корпусе есть две кнопки регулировки громкости которые работают нормально, но хотелось бы лучше. Звук меня очень порадовал особенно басы. В итоге я могу порекомендовать вам к покупке эти наушники. Переваги: Хороший и чистый звук. Долгое время роботы. Хороший дизайн . Недоліки: Нету активного шумоподавления
5, Зовсім не погоджуюсь з попередніми шкодливими відгуками, за такі гроші вимагати якості навушків а-ля Маршал, як на мене геть недоречно. Повністю окуповують себе. Звук - супер, батарея - тримає як і заявлено в описі, є регулятор гучності. У мене все. Переваги: -крута форма, якісний звук, довготривалий заряд батарейочки Недоліки: -не виявив
2, Согласна с предпоследним отзывом на 100%. Так же купила, ориентируясь на отзывы и, увы, не повезло в этот раз. В принципе, мне как не особо требовательному пользователю подойдут, ибо брала исключительно для прослушивания музыки и чтобы не путаться в проводах. Однако микрофон также стоял достаточно важным пунктом, и в итоге меня не слышат ни в скайпе, ни при разговоре по телефону. Причем если накручивать громкость, то собеседник слышит себя лучше, чем меня. Еще из минусов: ушки достаточно мягкие, и тем не менее начинают давить через некоторое время; нет кнопки переключения треков; сенсорные кнопки регулировки громкости - полный, извините меня, отстой - разницы между звуком на максимум и минимум при регулировке громкости с наушников я вообще не вижу; к телефону подключаются без проблем, а к компьютеру... кошмар, раз на 10й может и подключатся, а потом минут через 5-10 отключаются сами, и потом опять нужно очень постараться чтобы подключить. Итог - 3 с большим минусом за то, что беспроводные и играют музыку. Я брала их только потому что бюджет ограничен и было срочно надо, так бы остановилась на Phillips или Skullcandy Переваги: беспроводные, приятные наощупь Недоліки: микрофон, подключение к компьютеру, "регулировка громкости", нет кнопки переключения треков, давят при длительном использовании
5, Мягкие обшюры позволяют комфортно прослушивать композиции. Непривычным показалось то, что ушные раковины необходимо подгибать под обшюры. Переваги: Добротные наушники, Качество звука впечатляет, низы и высокие в порядке. Несомненные плюсы - жёсткость конструкции и компактность. До этого у меня пару лет были наушники AIR, но из-за ненадежных пластиковых деталей сломались. Недоліки: Не нашел.
5, Отличные наушники для ежедневного пользования. Удобные амбюшуры, уши не давят. Звук весьма качественный, при поездке в метро почти не слышно фона. Микрофончик рабочий, меня слышат, не всегда чётко, но это скорее всего зависит от места использования, в закрытом помещении - идеально, при сильном ветре на улице не очень) Заряд аккумулятор держит на уровне, за день пользуюсь ими более 8 часов(в связи с работой приходиться много времени проводить в транспорте). Очень радует то, что на самих наушниках есть регулятор громкости. Удобное и регулируемое оголовье. В общем наушники мне очень понравились, советую!!! Переваги: -качество звука, дизайн, аккумулятор, амбюшуры Недоліки: -при сильном ветре плохо работает микрофон
5, Наушные Бомбаа. Порадоволо качество зборки! Переваги: Зборка, звук, батарея. Недоліки: Нету 3.5 входа
