4, Точно могу сказать, что качество звука очень даже хорошее, максимальная громкость достаточная. Музыку слушать очень приятно, играть в игры, собствено для этого наушники и были созданы, просто идеально. Для тех, кто сомневается 7.1 это гарнитура или нет, нужна ли звуковая карта в нагрузку и прочее, отвечаю: звуковая карта не требуется, у гарнитуры в комплекте аудио станция, на которой есть все необходимые настройки каналов звука. Драйвера для аудио станции не требуются. В самой гарнитуре 10 динамиков (по 5 в каждом ухе, в том числе сабы), что дает истинный обьемный звук. Бассы приятные. Скептические заявляения, что гарнитура с обьемным звуком не сравнится с акустической системой и это просто маркетинговый ход - желчные извержения завистников или тех, кто просто не сравнивал. Позиционирование в играх хорошее. Имеется крохотный опыт использования аудиосистемы 5.1, гарнитур Steelseries Siberia 650, HyperX Cloud 2, Razer Kraken 7.1, Razer Kraken 7.1 v2, наушников Sennheiser RS140. Имею мнение, что Strix 7.1 показывают себя лучше чем все вышеперечисленное, даже чем 5.1 система. Микрофон снимается с левой чашки, разъем 3.5 мм. Гарнитура работает только от USB(которых два). Материал исполнения оголовья и сами чаши выглядят очень недорого и ощущаются так же. Подушки оголовья и амбушюры приятные, на вид качественные, довольно мягкие. Чашки очень, подчеркиваю, очень большие. Думаю, даже "слоновьи уши" в них поместятся. Может быть неудобным для кого-то. Ухи, не самые оттопыренные, касаются внутренней части чашек. Подушка оголовья саморегулируемая. Микрофон не самый лучший, но для внутриигрового общения: скайп, тимспик, дискорд подойдет. Имеется регулятор на аудио станции для громкости микрофона. На днище аудиостанции переключатель микрофона шумоподавления станции. Максимальная громкость микрофона гарнитуры очень высокая. Использую на 50%. Использую гарнитуру месяцев 7. С проводом все в полном порядке, он плетеный. Провод от станции до гарнитуры довольно короткий. Есть возможность отключения 7.1 и переключения в стерео режим. Возможно, для прослушивания музыки, но музыку приятнее слушать со включенным 7.1. Мое мнение... Немного раздражает слабый шум в момент воспроизведения какого-то тихого или короткого звука. Особенно если включен усилитель. На фоне воспроизведения музыки, в играх, в фильмах, где звук передается постоянно, такой шум не замечается. Т.е. никаких неудобств в ответственный момент не доставит. Перед покупкой читал, что у пользователей перегревалась аудио станция. У меня такого не происходило. Поначалу переживал, т.к. у меня станция теплая, но она дерижт всегда одинаковую температуру. Используется гарнитура очень часто и игровые сессии могут продолжаться до 10 часов. Может показаться, что цена за гарнитуру слишком высокая, но физический 7.1 звук из коробки, к оторому нет необходимости докупать порядочную дискретную звуковую карту является плюсом, я полагаю. Не скажу, что это лушчие игровые наушники, т.к. все игровые наушники я не пробовал. Но они достойны внимания даже прихотливого игрока. Получилось больше, чем планировал. Возможно, слегка сумбурно. Отвечу на вопросы, если появятся. Рекомендую. Переваги: Технология, не требует дискретной звуковой карты, качество звука, громкость, не требует установки доп. ПО, съемный микрофон, большие чашки, дерзкий дизайн. плетеный провод. Недоліки: Слабый шум при воспроизведении тихого или короткого звука.
3, Отличные наушники , купил 15,11,2016 единствинный минус- кабель, очень не любит изгибы , потому через несколько месяцев начав пропадать звук в левом ухе , фото ниже , потому не могу советовать к покупке . Переваги: отличное звучание, отличный дизайн , очень удобные Недоліки: кабель
5, Для игр круть! В CS:GO - слышно абсолютно все движения противника и понятно его местоположение, микрофон не для стрима. Переваги: Великолепное звучание. Советую! Недоліки: Микрофон слабоват.
5, Так как искал наушники для использования с ноутом то искал специально с внешней звуковухой. Покупкой вполне доволен. Настоящий объемный звук в играх. Совершенно по другому начали восприниматься виртуальный мир. Стало слышно много дополнительных мелких деталей на которые раньше не обращал внимания. Достойное поведение при прослушивании музыки, хотя на мой вкус не хватает средних частот. Но это болезнь всех подобных гарнитур. Фильмы теперь можно смотреть и не будить всех домашних и соседей домашним кинотеатром. (видео вывожу на телек по HDMI) Переваги: - Настоящий 7.1 Недоліки: -Возможно использовать только с компьютером. -Подключение к компу (ноуту) по 2 (двум) USB. В описании ошибка кстати. - После выключения ноута и включении снова наушники не включаюся автоматически - приходится сновы вынимать USB кабель и переподключать. (может представитель компании подскажет как исправить) -На мой вкус коротковат кабель самой гарнитуры - еще полметра не помешали бы. (в кресле откинуться не получается)
5, Можно задать два вопроса: -тут есть микрофон? -что это http://i2.rozetka.ua/goods/657772/record_657772659.jpg ?
