4, Наушники довольно симпатичные, легкие, на уши не давят. Универсальные. пока что не работает звук гарнитуры в скайпе, во всех других приложениях работает и звук и гарнитура. #мояраспаковка Переваги: Цена, легкость, внешний вид, на уши не и голову не давят Недоліки: гарнитура в скайпе не работает
5, были когдато похожие ток без микрофона вот и решил взять эти, легкие, хорошо сдят не давят, звучат норм, в игры порубить можно, так как я не меломан, то и музыка норм звучит, не фонит и не репит, хорошиий выбор в данной ценовой каегории... Переваги: удобные Недоліки: пока нету
4, Ось пішов шостий рік роботи цих навушників. Мікрофон діти скрутили три роки тому. Звуком задоволена. Роботою їх взагалі задоволена. Але я не сиджу годинами за компом, тому не можу сказати, що вуха болять після тривалого використання. Збираюся придбати нові, бо перестало працювати одне вухо. І все таки 5 років роботи - це показник. А там самі думайте. Переваги: Шнур, регулювання на голову
1, Прочитав відгуки, повівся і купив тут. Дуже малі самі амбюшури, і надто тверді. Довго сидіти в них некомфортно бо просто болять вушні раковини. вуха в мене не великі, не знаю на кого розрахований такий розмір. Не рекомендую Переваги: хороший звук, кабель в тканині, нормальний мікрофон Недоліки: Малі, тверді амбюшури.
3, Лучше найти что то другое. Переваги: На подарок сойдёт Недоліки: Цена - качество.
5, Прийшла сьогодні посилка від сайту Розетки саме ці навушники. Всім задоволений. Працюють шикарно нічого не скрипить і не рипить. Все ідеально. Дякую. Переваги: Великий звук Недоліки: Немає
5, Служат у меня лет 6-8 , полет нормальный ) Переваги: Хорошие уши за такие деньги Недоліки: Нет
4, наушники норм но только микрофон лагает нимного а так всьо супер
4, при длительном использовании болят уши.немного жестковаты. может это индивидуальные случаи, но все же скажу что не для длительного использования. Переваги: цена.качество звука +микрофон Недоліки: для коротковременного использования- их нет
