5, Ну если брать в таком денежном диапазоне то найти что то лучшое не реально!!!Мне для игры в C.S 1.6 и скайпа с голово хватает!!!Было где то пар 5 наушников то звучание на сравнить!!! Кому надо недорогие игровые уши берите и не думайте!! Переваги: Длина шнура 2.4м!!!Внешний вид!!!Микрофон!!! Недоліки: Нет!
5, Брал на подарок племяннику долго не юзал но могу составить первые впечатления! Понравилось качество изготовления и упаковка.длинный провод который выполнен в цветовой гамме наушников. на голове веса почти не ощущается наушники легкие и на вид крепкие. Переваги: Цена, упаковка, внешний вид и длинна провода Недоліки: не нашел
5, Хорошие наушники, играют нормально Переваги: Отличные наушники за свои деньги Недоліки: дешевый пластик, нет кнопки выключения микрофона
4, Наушники пришли быстро, даже быстрее чем я ожидал. Провод у основания наушников ломаться не должен, а вот у штекера который всовывать в компьютер очень не надёжный. Наушники очень большие, больше чем выглядят в следствии чего не плотно прилегают к голове, но это и плюс и минус (подробнее ниже), звукоизоляция не плохая потому что её вообще нет, если пользоваться ими окуратно то прослужат долго. Переваги: Цена, из-за того что не плотно прилегают к голове не сильно давят и можно сидеть дольше, дизайн, микрофон. Недоліки: Звукоизоляции нет, если пару раз неудачно уронить можете про них забыть.
5, Отличные наушники,сегодня получил.Хорошее качество звучание как и музыки,как и в играх. Хорошо играют биты,получаю наслаждение от музыки.Могу рекомендовать всем к приобретению.Все,кто пишут "Звук как из ведра" - это не так,повторяюсь,звук прекрасен.Покупкой доволен,спасибо Розетке за оперативность и Новой Почте за быструю доставку.Заказывал 18.09 получил 19.09 Переваги: Качество звучания,микрофон,удобность,качество. Недоліки: Упаковка при получении была слегка повреждена.Не снял звезду,т.к наушники остались целы и невредимы.
1, На данный момент в наличии есть a4tech HS-28 и эти gemix, цена примерно одинаковая, а качество даже не сравнить, а4тек в разы превосходит по всем параметрам, особенно по звучанию. в Gemix звук как из ведра, отвратительный, проверял и на разных смартфонах и на компьютере, и эквалайзером пытался настроить, бес толку. Дужка полностью пластмассовая и не понятно на какой голове они будут нормально сидеть, разве-что на арбузе, ибо настроить по нормальному нереально. Звукоизоляции вообще нет. К микрофону претензий нет, довольно таки хороший. В общем по первым впечатлениям когда только открыл коробку увидел дешевый кусок пластмассы. Переваги: Микрофон Недоліки: Звук из ведра, нельзя нормально настроить посадку на голове, кусок дешевой китайской пластмассы
3, Наушники как наушники, в дорогу не удобно брать, на шее не удобно весят , на ободке могут давить , после длительного использования уши устают(не от звука ,а от их твердости),быстро ломаются. Я их чинил 3 раза минимум , провел свой провод от одного уха. Хорошо то что поломки были связаны с проводкой. Удобно то что можно добраться до динамиков и припаять провод без особых усилий и ничего не ламая. Не советую брать эти наушники ,к тому же за такую цену. Переваги: Меня устроили как наушники , в целом крепкие. Недоліки: У меня новые уже с плохо рабочим ухом были , которое сломалось в первые дни использования
5, За такую цену лучше просто не найти !!!!!!!!! Клевые наушники!!! Переваги: Хороший звук, норм микрофон, Цена просто мизерная!!! Берите не пожалеете!! Недоліки: Пока не выявил!
5, Привет всем! Купил данные наушники и был очень обрадован тем, что за такие то деньги возможно купить действительно годный гаджет!!! Очень хороший микрофон, который я протестил в Скайпе, РК, ТС и Танках)), а также хорошее качество звучания!!! и предельная громкость на уровне. Так что все кто хотят купить данный гаджет, но переживает что цена небольшая, а значит и качество плохое, то не переживайте здесь с этим все в порядке! Чуть не забыл, расцветка супер))) Переваги: Цена и качество Недоліки: нету!
4, Впринципі непогані навушники за свої гроші Переваги: Хороший звук, гарний мікрофон Недоліки: За 5 місяців зламалися. Спочатку перестав працювати лівий навушник, а потім і правий. Якщо довго сидіти, то тиснуть
5, Купил жене в подарок, очень довольна, за такую цену притензий и замечаний нету! Переваги: Легкие, Нормальный звук, Нормальный Микрофон, хороший Провод! Недоліки: Нету!
4, Наушники неплохие,купил две пары себе и ребёнку,но на моих есть брачек: плохая чувствительность микрофона. Переваги: Удобные,неплохой звук,как для своей цены. Недоліки: Чувствительность микрофона.
5, За свою цену очень хорошие наушники , красивый дизайн , можно использовать длительное время так как не болят уши , достаточно длинный провод , микрофон тоже неплохой за такие деньги ! Покупайте не пожалеете ! Переваги: Хороший звук ,добротный микрофон, удобные, уши не болят , не высокая цена , регулируемый микрофон ! Недоліки: пока не обнаружил !
5, Крутые наушники ,для игры КС го вообще классные,диапазон звуков хороший Переваги: Их не пересчитать Недоліки: Только из-за дешеватого пластика
3, Так себе, покупать не советую когда попытался проверить микрофон было просто слышно помехи, качество звука более менее, но если привыкнуть кажется хорошим. Недоліки: Слишком большое расстояние от уха до уха, микрофон работает ужасно, не самое лучшее качество звука.
4, Очень хорошие наушники за свою цену. Переваги: Цена, небольшая изоляция ушей, служат уже пол года без единой проблемы. Недоліки: Микрофон не очень
4, Наушники выполняют свою работу на ура, но есть недостатки в качестве сборки и материалов . Советую купить улучшенную версию w-360. Версия w-360 дополненная и прослужит вам дольше . Переваги: Чистый звук . Нормальная звукоизоляция. Удобно сидят на голове. Недоліки: Довольно быстро(≈пол года) сломался штекер . Проблемы с контактами рядом с маршрутизатором звука и входа в наушники .
5, Рекомендую всем! Переваги: Хорошый длинный провод,чёткий звук и т.д Недоліки: Нету)
5, НАУШНИКИ ХОРОШИЕ!!!!﻿
5, у меня от этой компании: коврик, и ещё мышка. На подходе скоро будет наушники. Переваги: Надеюсь хорошие! Недоліки: нету
3, Наушники непогані але якість не дуже.якість звуку добра все працює вірніше працювало після поломки одного наушника Переваги: Звичайні наушники Недоліки: Ціна не відповідає якості
2, Не рекомендую, есть аналоги получше за такую цену. Переваги: Круто выглядят на страничке интернет-магазина. Недоліки: Твердые амбушюры, неудобное оголовье, никакущий микрофон, большой и неудобный блок регулировки звука и вкл-выкл микрофона. Никому не рекомендую покупать, не ведитесь на красивую картинку.
4, Купил в магазине розетка.Доставили быстро, без брака.Всё отлично.Спасибо большое. Переваги: Хороший звук, дизайн, качество. Недоліки: пока что не нашёл.Думаю что и не найду
4, Купил наушники неделю назад и начал отходить штекер для наушников. В том же Ведьмаке музыку слышно а вот диалога или разговора жителей нету. Думал что с игрой проблемы, включил колонки всё нормально. Наушники ещё на гарантии. Интересует вопрос, можно их как-то заменить? Переваги: Длинный шнур, хорошо сидят. Недоліки: Слабые провода на штекерах.
4, Сыну понравились. Переваги: симпатичные,удобные. Недоліки: нет
4, Очень рад! Переваги: Хорошее качество звука, сидел 2 часа уши не болели. Недоліки: Не увидел!
1, Микрофон ни о чем, как и сам звук Переваги: Внешний вид Недоліки: Качество сборки, микрофон, звук
4, Отличные наушники за свою цену, рекомендую всем. Отличный звук и микрофон, наконец-то друзья не жалуются на плохой звук моего старого микрофона, все удобно и отличный провод. Также порадовал дизайн, наушники смотрятся просто отлично #мояраспаковка Переваги: Дизайн, удобность, микрофон, звук, цена Недоліки: Немного жестковатые
5, С чего хочу начать, так это гарантия, приятно удивила, на наушники год гарантии внешне смотрятся очень хорошо. приятный резиновый кабель, наушники не рипят, не отходят, все работает как и должно. микрофон звучит хорошо, но не идеально. за эти деньги хороший результат записи. брал уши для игры в кс (буду откровенным) в целом все отлично. немного приглушенный звук, но к этому можно привыкнуть. для прослушивания музыки не подойдут голова и уши не устают #мояраспаковка Переваги: хороший внешний вид, звук Недоліки: не обнаружил
1, поиграл 1 месяц и уже не работает микрофон
1, Подушечки для ушей каменние
4, Отличные наушники за свою цену! Переваги: Хорошее качество звучания, достаточно удобны Недоліки: Посредственная звукоизоляция (в смысле для окружающих все слышно)
4, Пользуюсь уже несколько месяцев. Провод даже не пытался рваться. Играть удобно, в отличие от моих прошлых вкладышей, хоть звук в них был и лучше, но себя при разговоре в скайпе не слышал от слова совсем. Тут все прекрасно. Переваги: Звук, дизайн, материалы Недоліки: Может давить на голову.
5, Навушники дуже гарно виглядають, якісний пластик, звучання на висоті! Величезний + у тому, що вони великі. Можна просидіти 2-3 години і ви навіть не відчуєте що в навушниках, вуха не болять. Ідеальний варіант для ігр. Переваги: Звук, НЕ ЖМУТЬ Недоліки: мікрофон
5, Все хорошо работает Переваги: Хороший звук и микрофон Недоліки: Нет
5, Заказывал еще летом,работают уже более полугода,все так же отлично работают,как и после распаковки Переваги: Цена,микрофон,звук отличный для такой цены Недоліки: Не нашел
2, Микрофон не пашет вообще. Переваги: Дизайн Недоліки: Микрофон.
5, Классные наушники всем советую Переваги: Звук , бассы , микрофон, дизайн. Недоліки: Их просто нету
1, Работали нормально пару часов зашол в кс го они начали репеть и очень плохо слишно Переваги: Класный вид Недоліки: Репят ,плохо слишно
3, наушники безусловно хорошие,но после длительного использование 3-4 часа начинают болеть уши ,через 2 месяца эксплуатации перестал работать один из динамиков,не знаю с чем это связано,но все же Переваги: соотношение цены и качества.Хороший звук Недоліки: могут сломаться,не для долгого ношение ,вызывают дискомфорт
5, Отличние наушники, стоит брать. Переваги: За такие денги все просто супер Недоліки: Нет
5, В общих чертах доволен! Немного грубоватый корпус, снизу не совсем хорошо прилегают. Регулятор громкости на удобном месте. но сам довольно большой, а колесико регулировки маленькое и ели ели выступает. Провод средне мягкий. Микрофон в стороне от рта, что очень хорошо, не слышно собственное дыхание и плевать во время игры в него не получится) Как наушники до 300гр однозначно хороши! Берите не пожалеете. Переваги: Неплохое качество звука за свою цену, но я как меломан немного поднастроил, изначально глуховато было. Порадовали басы! Недоліки: Сразу очень сильно шумел микрофон, порылся в настройках включил подавление эхо и шум практически пропал. Не понравились подушечки, материал похож на кожзам немного грубоват.
1, Абсолютно не задоволений. В наушниках поганий звук, погано сидять на голові (незручно і вуха потіють). Переваги: Непоганий зовнішній вигдяж Недоліки: Поганий звук, не зручні
4, Купил для просмотра фильмов, но они оказались куда лучше ожидания, начал в них играть, могу просидеть от 5-и до 10 - и часов в них и уши на удивление не болят, минус один, плохой микро, подключаю через внешнюю карту, шипит, но не беда, микрофон за 150 грн устранил эту проблему, короч, наушники хорошие, советовать можно смело! Переваги: хорошее качество звука, длительное использование без последствий Недоліки: очень плохой микрофон
4, 2 метра шнур, сделать можно под себя как хочешь, широкий шнур, стоит своих денег! Переваги: Хороший звук и микрофон. Недоліки: после 2 часов болят уха.
3, удобні неболять вуха після тривалого прослуховання якість звука на висоті якщо через звукову карту Переваги: громкие Недоліки: спустя 3х месецев сгорел микрофон пришлось курочить чтоб поменять ево
4, Вцілому син залишився задоволений Переваги: Мікрофон довжина шнура регулювання гучності Недоліки: 2 окремих входи на мікрофон і навушники. Брали для ноутбука а там вхід один
2, Купил неделю назад. При первом прослушивании, очень разочаровало качество звука. Я как пользователь разных моделей, могу сказать что, за эту цену определенно не стоит брать. + Сама конструкция очень хрупкая. (Итог: 1 час работы, выкинул на полку) Переваги: Нет Недоліки: Шумы при включенном микро, Ужасное качество звука, хрупкая конструкция.
1, Брали ребёнку под ёлку. После подключения к компу, оказалось не работает штекер на наушники.(( Недоліки: Розетка, проверяйте пож. товар перед тем как отправляете!!! (((
5, Очень классные наушники, отличное качество как звука так и микрофона, + очень круто что не давит на уши, внутри как бы пространство для них. Переваги: Стоимость и качество) Недоліки: нет
5, Хорошие наушники Переваги: удобные, хорошее качество звука , длинный провод Недоліки: может расшататься в гнезде
2, Проработал пол года потом начал микрофон барахлить Переваги: Хороший звук. Недоліки: Микрофон
2, После Gemix W-360, этими наушники просто отказался пользоваться. Недоліки: Пластик давит в голову. Отсутствие мягкой обшивки.
5, Ось як рік минув як купив.Дуже зрічні,подобається колір.мягка гарнітура,гарний дизайн,удобний мікрофон.Від мене оцінка 10/10.Купляйте=) Переваги: Хороша гарнитура,удобні.шнур 2 метра! Недоліки: Їх немає
5, клас Переваги: Зручні
4, Хороші для ігор , для музики так собі Переваги: Прекрасний як на мене звук в Кс Го Недоліки: Слабуваті в Музиці
5, Красивые а главное качественные наушники Переваги: Всё хорошо даже придрятася не к чему
5, Наушники просто супер,сыну очень понравились))) Переваги: Все супер Недоліки: Не нашли
5, Пластик хорошого качества микрофон идеальный звук бомба дизайн крутой вообщем все круто) Переваги: Красивый дизайн,отличный звук, микрофон) Недоліки: Нету)
5, Ребята! Подскажыте кабель етих наушников подходят к компу? И сколько за доставку? Переваги: незнаю Недоліки: незнаю
2, В общем если в кратце, не берите. За относительно скромную цену, вы получите не то, что ожидаете. жесткие резиновые амбюшуры, на голове сидят плохо,уши потеют , звук как из домофона. Одно ухо отказало за 2 месяца. Да и вообще, материал, как в китайских игрушках (абсолютно не пластичный... ). Внимания заслуживает только провод... выглядит вроде нормально, монолитный, толстый, вроде как вообще без нареканий. Думаю переставить его на нормальные наушники :) Переваги: Внешний вид со стороны, провод Недоліки: Корпус, звук, цена/качество
2, приобрел сегодня эти наушники,повелся на отзывы что хороший звук ,но увы , звук плоский высоких почти нет ,да и с низкими не всё хорошо,с плюсов не давят и нормально слышит меня собеседник в скайпе Переваги: неплохой микрофон ,качество сборки Недоліки: качество звука при прослушивании музыки
5, Очень удобные !Пользуюсь больше 2 месяцев и косяков пока не обнаружил ! Переваги: Удобные , приятные в использовании .Длинный шнур. Недоліки: Нету
5, Очень хорошие наушники для игр, а также для прослушивания музыки Переваги: Хороший звук, удобные и очень удобная цена Недоліки: Пока не обнаружил
2, Даже если идет речь о недорогих геймерских девайсах, то лучше купить что-нибудь другое. Переваги: Неплохой микрофон, пульт на гарнитуре,цена. Недоліки: Гарнитура абсолютно не держитя на голове. При наклоне головой немного вниз она сразу начинает спадать
4, Пользуюсь 8-9 месяцев. Все было отлично до момента когда перестал работать левый наушник.
5, Наушники отличные для своей цены. Прослужили они мне год и два месяца, при том что они не раз падали. Микрофон нормальный, немножко слышны посторонние шумы - это не критично. Звук поначалу глуховатый был, но потом со временем привык. Слушать музыку, играть в танчики в этих наушниках приятно. Рекомендую.
5, Соотношении цены и качества устроило Переваги: Цена Недоліки: незначительно регулируются в меншую сторону, не для маленькой головы)
5, Меня все устраивает. Как и в игрушках так и по скайпу претензий нет. Как по мне,-так качество отличное. Переваги: Отличный звук,микрофон. Недоліки: Нет
3, За ці гроші можна взяти кращі ;) Переваги: Не знайшов Недоліки: Звучання жахливе
5, Хорошие наушники за свою цену , они у меня уже 5 месяцев за все время не поломались , хороший звук ! Недоліки: Слазят с головы !!!!
3, В общем средние наушники.Микрофон работает нормально.Звук-не очень качественный. При долгом ношении наушников,болят уши,но со временем привыкаешь. Переваги: Яркий цвет,длинный шнур. Недоліки: Не качественный звук.
3, Хорошие наушники хороший звук но сломались через 6 месяцев то микрофон шипит если ударить перестанет И левый динамик плохо работает Переваги: Хороший звук Недоліки: Микрофон иногда бывает шумит если его ударить то перестаёт!
5, мне понравилось Переваги: норм, звук хорош Недоліки: нет
3, Купил эту гарнитуру, шумоизоляции нет, звук немного "плоский". За свою цену неплохо. Переваги: Неплохой микрофон, прочный провод. Недоліки: Не держится на голове
2, Если вы хотите купить наушники для игр то выходите сразу и ищите другие. Ужасный звук в играх таких как CS:GO, DOTA 2, LOL Только для фильмов и музыки. Переваги: Цвет Недоліки: Звук, материал, форма
5, Наушники прекрасные.Хорошее качество звука.По начало немного непривычные своей формой. Переваги: Хороший трёхмерный звук. Недоліки: Не нашёл.
5, Очень хорошие наушники в данном ценовом диапазоне: и в игры поиграть, и музыку послушать можно. Пользуюсь уже пол года, всё работает без нареканий! Переваги: -хороший звук -стильный яркий дизайн -не жмут -длинный шнур Недоліки: за такую цену - идеальны!
5, Хочу такиі наушники по відкликам 12/10 ціна не вилика для мене вони ідеальні Переваги: Майже все по відкликам Недоліки: по відкам в 10% болить голова
5, спасибо розетки за быструю доставку Переваги: звук странный.но через недельку привык Недоліки: за эти деньги нет
5, Очень классные наушники мне понравились. Один весьма хороший недостаток это то что они подходят людям с большими головами а так нет больше недостатков!!! Переваги: Внешний вид, микрофон и длина шнура!!! Недоліки: Подходит людям с большими головами!!!
3, Изголовье лишено подкладки и после непродолжительного сидения в них, начинает болеть голова. Амбушюры сделаны из очень плохого, паркого материала. Микрофон неплох, звучат нормально. Переваги: Цена. Недоліки: Изголовье, кабель, амбушюры.
4, Заказал дани наушники для игры Cs Go.Довольный!! в компютори встановлена хороша звукова карта,то даже не ожидал такого звука) Переваги: за свои деньги очень не плохие наушники Недоліки: ---
3, Как обычно, спасибо розетке за отличное обслуживания. Теперь о наушниках. Скажем так - среднячек. Дизайн прикольный, качество сборки для такой цены неплохое. Что касается звука, не для музыки (по крайне мере мне не понравилось. Может конечно из - за акустики Pioneer, уж больно звук хорош) низы слабые, а вот играть либо фильм посмотреть вполне не плохо. Не понравилось то, что дуга у них ни чем не обшита - просто голый пластик. По етому создается впечатление что они какие то деревянные. Правда через время ето чувство проходит. Еще расстояние между ушами великовато поетому немного не плотно сидят и звук немного не тот. за то не давят. Уши в них не болят и не потеют. Что касается длительного использования - вобще без проблем так как на голове почти не чувствуются В общем, брать конечно можно, но я бы расмотрел другие варианты. Да, про микрофон. Ничего особенного. Стандартный и ни чего больше. Переваги: Дизайн. Качество сборки. Практически не чувствуются на голове. Не болят и не потеют уши. Недоліки: Не обшита дуга. Расстояние между ушами великовато. Слабоваты низы.
5, в среднем доволен покупкой Переваги: удобные наушники с прочным материалом Недоліки: регулятор громкости очень мал,и сам такой вид регулятора быстро ломается(отсек большой,а колесико еле выглядывает)
4, + Переваги: Вообщем наушники не плохие.Все устраивает!Для игр подойдет! Недоліки: Летом, уши потеют в них! и микрофон очень довольно тихий!
5, покупайте не пожалеете Переваги: Для игры наушники отличные, хороший микрофон подойдет для командной игры. Не дорого. Недоліки: Твёрдые подушечки.
5, И так обо всём по порядку. Первое что бросается в глаза это дизайн, он достаточно неплох на ту цену за которую эти наушники продают. Сама конструкция не вызывает доверия, когда держишь их в руках они кажутся слишком хлипкими и ты автоматически пытаешься с ними как-то аккуратнее обращаться потому что создаётся впечатление что дуга — лопнет. Я не думаю, что она лопнет, но это чувство не покидает. Наушники на среднюю голову, для маленькой будут не очень удобно, так как не будут плотно прилегать к ушам. Что касается звука то он нормальный, не плохой и не хороший, а такой твёрдый средняк чего для игр хватает, но для прослушивания музыки нет. Микрофон чувствительный, не хватает на него насадки, так как в скайпе очень хорошо слышно ваше дыхание. Регулировка положения микрофона порадовала, фиксация микрофона отличная. Цвет наушников брал под цвет клавиатуры, так как у самого клавиатура gemix W-250. Если подвести итог сказанного, то можно с уверенностью сказать, что наушники — это максимум качества, которое можно было выжать из этих денег. Если сравнивать с другими наушниками то я бы дал 5/5 среди наушников этого ценового сегмента и поставил бы 2.5/5 сравнивая их с моделями более высокого ценового сегмента. Всё же я бы добавил немного денег и купил бы наушники gemix W-360 они по качеству сборки на порядок выше. В целом за свои деньги это вполне добротные уши, которые придутся по вкусу нетребовательным геймерам или просто людям, которым нужны наушники и которые не будут придираться к низким и высоким частотам.
5, Наушники почти ничем не отличаются от других, в этой ценовой категории. Такие же качественные и хорошие как для своей цены. Переваги: Достаточно объёмный звук, нормальный басс, громкость не меньше, чем в других наушниках этой категории, длинны шнура хватает с головой, регулятор громкости на шнуре, сам шнур не тонкий а нормальной толщины, уши не давят, не сползают. Для игр и прослушивания музыки/просмотр видео отличные для своей цены. Микрофоном не пользуюсь, поэтому о нём ничего не могу сказать. Недоліки: Нет.
4, Пропрацювали рівно рік. Цілком задоволений якістю звуку і мікрофону. Комфортно сидять на голові Переваги: Якісний звук Хороший мікрофон
5, Купил и всем советую! Переваги: Отличный звук, не плохой бас, хороший микрофон, не давят на уши, хорошее шумоподавление. Недоліки: Их нету пока.
5, Супер Переваги: Они идеален Недоліки: Нет и никогда не будет
4, Отличные наушники. Отличный звук и особенно порадовал провод (даже кат не смог перегрызть). Но чувствительность микрофона оставляет желать лучшего. Переваги: Крепкий провод, звук. Недоліки: Чувствительность микрофона
3, но для кс норм Переваги: так себе Недоліки: неудобные
5, наушники просто отличные после часа игры я забываю что они у меня на голове Переваги: не давят длиный прочный провод
5, Прекрасные наушники за такую цену Переваги: Цена качество Недоліки: Пока нет
5, Класс Переваги: Длинный шнур,Уши не трут,Просто класс Недоліки: не нашёл
5, Соседи жаловались на громкий звук, пришлось покупать наушники. Общаюсь в teamspeak и raidcall. Командой играем в wot. Звук микрофона отличный, мне так сказали тимейты. Цена радует, с виду выглядят на пару тысяч. Переваги: Дизайн, цена, микрофон
4, до них брал Firtech FC-199, звук был нормальный, шаги слышны были из далека, эти по хуже для игры, для музыки и фильмов подходят хорошо Переваги: Не распадаются, крепкие Недоліки: в игре плохо слышно шаги противника, выстрелы очень громкие, глуховатый звук
3, Всё устраивает кроме микрофона! Переваги: Неплохие наушники за такую цену хорошее звучание Недоліки: Плохой микрофон... для записи видео никуда не годится.(Шипит,другие посторонние звуки)
5, Отличные уши для игры в шутеры. лучше на такие деньги найти сложно Переваги: Звук, эргономика Недоліки: нет насадки на микрофон
5, Отличные наушники за малую цену, в кс го отлично слышно шаги, музыка слушается на ура в них. в скайпе так же все на высоте однако слышно дыхание, решается поднятием микрофона или одеванием насадки с других ушей. Переваги: Удобные, хороший и чистый звук Недоліки: Нет "воздушки" на микрофоне
4, Очень тихий микрофон. Возможно, и не в наушниках проблема. Подскажите, пожалуйста, как пофиксить...
5, отличные наушники
5, Покупал для игры кс, теперь все за чит воспринимают :3 наушники бомба! Переваги: Качественный звук в играх. Недоліки: не заметил..
5, Досить не погані навушники за таку ціну.... чистий звук та високі баси.... покупкою задоволений.
5, чем отличаеться от про
5, можно 1 вопрос для телефона пойдьот
5, Отлично Переваги: качество Недоліки: пусто*
3, Заказал товар более полугода назад, до сих пор прекрасно служат без перебоев. Порадовало качество микрофона, ожидал, честно говоря, худшего. Расстроило немного то, что пропускают окружающие звуки, хотя этого и не стоило от них ожидать. Для маленькой головы не подходят однозначно, болтаются. В целом товар хорош, для маленького кошелька сойдет. Переваги: Легкие, относительно хороший звук, чувствительный микрофон. Недоліки: пропускает окружающие звуки, не подходит для маленькой головы.
3, Не всегда слышно все звуки, звучание 4 канальное хотя можно было и лучше, купил наушники A4 Tech HS-800 Grey Звучание 8 канальное "для тех кто не знает! у W-330 звукозахват 180' у 4tech 360' " купил 4tech, не подвели качество звука заходит до StealSeries, но есть минус микрофон сильно фонит, шумит, рыпит. С Gemix звук каменный, бассы есть, но маленькие "ели заметно" так же есть хороший микрофон, пользовался микрофоном 3 месяца, просыпаюсь на утро он не работает! смотрю мой провод немного передавлен и микрофон оторван "На проводке" ну вобщем для детей как подарок сойдёт! Красивые, удобные, звук хорошо пойдет для скайпа, так же в этих наушниках есть провод длинной 2 метра, и регулятор громкости. Попользовался больше 4 месяцев. Начал странно работать регулятор через раз, микрофон оторванный, звук рыпящий! Тестировались в Minecraft, CS:GO, СS 1.6, CSS, The Witcher 3, DOOM 4, GTA V, Так же другие мелочи! для звуко-режисеров не подойдет, не улавливают все звуки, тоны, басы! Для детей, как первый подарок сойдёт! Переваги: Звук каменный слушать противно, но возможно!. Микрофон довольно неплохой! для кс 1.6 пойдет! Недоліки: Сильно быстро ламаються из нутри. Сломался Регулятор громкости за 4 месяца, хотя я даже его не трогал! Плохой звуко-захват с радиусом в 180'
5, супер, хороший звук
4, Хорошие наушники. Не совсем то, что я хотел.. но все же. В них - вообще не слышно вашего собеседника. Переваги: Четкий звук. Недоліки: Не заметил..
5, Купил брату на день рождение. Брат довольный как слон
5, Просто 5 просто 5 Переваги: Хорошо подходят для игры в CS:GO
3, Никогда не пользовался дорогими гарнитурами. Брал для игры в ксго, шаги слышу, но недостаток, который я написал выше, значительный. Если бы я знал про него до покупки, то сомневаюсь, что купил бы их. Переваги: Цена, качество(как для дешевых наушников) Недоліки: После 2-3 часов в них-болят уши.
5, В принципе, это отличные бюджетные наушники. Переваги: Хороший звук и дизайн наушников. Недоліки: Немного неудобные, но со временем привык.
3, Хороші наушникі граю з них часто добре чути але мікрофон не дуже. Переваги: Добре чути зручно Недоліки: Мікрофон недуже
5, Отличные наушники за такую цену, для кс или ВоТ подойдут отлично, но сначала будет немного жарко Переваги: Удобные, не жмут, хорошо сидят на голове, отличные басы Недоліки: Шумоизоляция на среднем уровне; на расстоянии до 1 метра слышно что слушает человек в этих наушниках
5, Товаром доволен все пришло в целостности Переваги: отличный звук , чувствительный микрофон Недоліки: пока не заметил
5, Наушники качеством больше чем их цена Звук объемный, но немного глуховат, в отличии от моих предшественников Переваги: Кожаные амбушюры Недоліки: Нету
5, Громкие, легкие, удобные
5, Частенько играю в кс для этого дела уши вполне подходят. За свою цену уши себя оправдывают. Переваги: Нормальный микрофон,хороший звук,приятный дизайн. Недоліки: Пока не обнаружил.
5, Я рекомендую цей товар Переваги: Дуже громки Недоліки: ще ненашов
4, Сьогодні отримав . Скажу що навіть дуже сподобалились, за свою ціню відмінний звук... Переваги: Ціна, звук Недоліки: Якість пластику
4, Пользуюсь им меcяца 2, самые большие недстатки - качесво микрофона плохоё, и голова болит послё даже 30 минут изза того что соединеть правого и левого наушника не мягкий. Для кс го хватит, все шаги слишно и вообщем за такую цену нашники просто класс Переваги: Хороший и громкий звук, есть колесико увеличения звука, цена. Недоліки: Плохой микрофон
4, Хорошие наушники за свою цену. Звук прекрасный. Переваги: Очень хороший звук Неплохой дизайн Недоліки: Давят на уши Иногда один динамик оключается с чем связано не знаю Микрофон не всегда держится на месте
5, Для своей цены вполне нормальные наушники.
5, Доволен. Хорошие уши!
3, Самые худшие наушники из тех, что когда либо покупал. Если на плеере ищё можно выкрутить эквалайзер, чтобы более менее нормально слушать музыку, то для игры - практически бесполезны. Нижний-средний диапазон частот забивает всё, - ощущение, что играешь в "противогазе", направление на источник звука плохо слышно. Тройка, а не единица только за то, что на музыке можно хоть что-то получить и сильные басы. Недоліки: Звук отвратительный
5, . Переваги: Для такой цены идеальные ! я доволен берите те кто думает стоит ли покупать ручаюсь не пожалеете . Микрофон очень хороший , звучание наушников для такой цены просто шик ! Недоліки: не обнаружил
5, Норм
3, Провод быстро гнётся, закручивается и если не принять мер, то очень быстро случится перегиб( Переваги: Приятные на вид, удобные, уши не жмёт, не парит. Недоліки: Провод
4, Хорошая гарнитура
5, купил сей девайс в розетке месяц назад,только оранжевые. Наушники неплохие. Качество озвучки игр и микрофона-норма. Музыка через них-каша. Уши в них влазят полностью почти,через время поддавливает уголки ушей. Через пару часов устает и голова,т.к нет подушки на дужке. В принципе,не жалею. Все таки рекомендовал бы смотреть в сторону gemix w 330pro Переваги: цена,внешний вид Недоліки: нет переходника
5, купил сей девайс в розетке месяц назад,только оранжевые. Наушники неплохие. Качество озвучки игр и микрофона-норма. Музыка через них-каша. Уши в них влазят полностью почти,через время поддавливает уголки ушей. Через пару часов устает и голова,т.к нет подушки на дужке. В принципе,не жалею. Все таки рекомендовал бы смотреть в сторону gemix w 330pro Переваги: внешний вид,цена Недоліки: нет переходника
4, Не плохие наушники,хорошо сидят,микрофон удобный!Звук хороший не супер конечно но 4 поставить можно!свою цену отрабатывает полностью!
5, В целом , то что надо. Цена и качество. Переваги: Хороший длинный провод. Недоліки: Нет регулировки для головы
5, Хорошо ли слышно шаги в такой игре как cs go
5, с виду очень классные и хочу купить и по отзывам вроде тоже хорошо Переваги: хороший вид,необычная форма Недоліки: вроде нету
5, Купил в подарок женя для общения в Скайпе. Никаких нареканий от нее не слышал. Переваги: Как сказала жена очень веселенький дизайн. Недоліки: Пока не обнаружили.
3, Не плохие наушники, цена полностью оправдывает качество, а качество среднее. Переваги: Стандартные комфортные наушники, не дорогие, приятные с внешнего вида. Недоліки: Спустя 3 месяца уши так и не привыкли к ним, при долгом использовании края уха натираются и болят, разболтался микрофон.
4, Микрофон сломался после 2 месяца, с головы слитают. Переваги: Хороший вид, длинный шнур, хороший звук Недоліки: Большой размер, плохо сидят на голове.
5, легкие, очень удобные. Переваги: не давят на голову, чистый звук, не шипят, чистый звук от микрофона Недоліки: пока что не нашла
5, купил такие только зеленого цвета ,принес домой подключил не работают пошол поменял и горя не знаю.Купил в мае етого года использую для игор КС ГО и АРМА3 Слышно все идеально каждую мелочь.. Очень хорошый бас ,музыка тоже звучит отлично советую Переваги: хороший звук. длинный(мягкий) шнур.хороший микрофон.хорошо сидят на голове Недоліки: при долгом использование болят уши
5, Отличный вариант за такую цену просто находка))) Переваги: Звук супер! Покупкой доволен на 100%))) Недоліки: Шнур не внушает большого доверия)
4, Советую брать эту гарнитуру :) Переваги: Хороший звук,отличнный микрофон
3, В общем, мнение портит дешевизна материала, а там посмотрим на сколько их хватит. Переваги: Звук неплохой, бас присутствует, толстый кабель что не может не радовать. Недоліки: Очень дешёвый пластик, переходник регулятора звука тоже хилый очень! На голове нормально не фиксируются.
5, За эти деньги ничего лучше не возьмете, а тут вас ждут хорошие годные уши для игр. Прекрасно себя показали в CS GO отличный стерео эффект, можете буквально сквозь стены видеть Переваги: НЕ УСТАЮТ УШИ, хорошее звучание Недоліки: Дешевый пластик
4, Хорошие уши за такую цену ели сравнивать цена\качество лучше не найти Переваги: Неплохой звук, хорошая цена/качество, хорошо сидят на голове. Недоліки: Пока не обнаружил
5, Звук хороший, цена соответствует качеству.
5, Классные!!!!! Переваги: Хорошие наушники =) и цена и качество!!! Недоліки: Нету
5, Покупала мужу на подарок, остался доволен. Всем рекомендую. Переваги: хороший звук, дизайн, микрофон. Недоліки: нет
5, в общем товаром доволен Переваги: звук ,удобны на голове не давят
5, Красиво выглядят за свои деньги и качество звука тоже хорошее, микрофон нормально работает Переваги: Дизайн, качество/цена Недоліки: пока не обнаружил
5, Быстро доставили,уже пользуюсь качественный звук,и микрофон!Уже пользуюсь удобно классно,но только уши потеют от наушников,это наверное из за Кс Го xDD Переваги: Отличный микрофон и наушники! Недоліки: Их нету!
5, достойный товар за достойную цену Переваги: хороший микрофон и звук Недоліки: нету
4, Брал для кс го, свою функциональность выполняют на ура. радует цена, дизайн. Мне боьшего от наушников для игры и не надо Переваги: Тепло ушам) Недоліки: Для меня все равно тихие
4, Ціна відповідає якості. Дивитимусь фільми . Придбанням задоволена. Переваги: Ціна. Недоліки: Для прослуховування музики не призначені.
5, Наушниками доволен, для игр вполне пойдет, тем конечно кто любит слушать музыку на разрыв перепонок, нужно брать с не фиксированными ушами. в Целом отличные наушники за отличную цену, спасибо Переваги: Удобные, не давят, дешего Недоліки: нет
3, Выглядят со стороны интересно, но берешь в руки и кажется сейчас развалятся... К их форме нужно долго привыкать. давят со всех сторон. (ну у кого какая голова). Амбушюри типа под кожу сделаны(цену накинуть?) + шестиугольная форма. Мне очень не удобно. Ценителям комфорта лучше не брать их. Переваги: звук Недоліки: дешевка
3, Микрофон слабенький, на стандартніх настройках вообще речь не улавливает, нужно ставить усиление +10ДБ, при которых в наушниках слышно небольшое гудение. Да и то не сказать что кричать нужно, но шепот не уловит точно Переваги: качество сборки Недоліки: микрофон
3, Почему-то сильно давят на уши. Приходится просто снимать и давать отдых ушам. До этого была другая модель - Gemix W-360 (W-360), там все отлично. А для этих видимо уши мои великоваты. Звук хороший, достойный, микрофон тоже. В плане цена/качество все отлично Переваги: Достойный звук, цена Недоліки: Давят на уши
4, Качество звучания для такой цены весьма хорошее(канеш не сравниваю с моими koss спорта про),микрофон после настройки в компе также неплох.Единственный минус отсутствие мягкого места для макушки,но он был решен путем присобачивания оного с поломатых ушей. Переваги: дизайн,цена Недоліки: отсутствие мягкого места для макушки
4, отличное сочетание цена-качество Переваги: хороший шнур, хороший пластик корпуса Недоліки: средний звук, слабая регулировка по голове
5, Хорошие наушники, играют нормально Переваги: Отличные наушники за свои деньги Недоліки: дешевый пластик, нет кнопки выключения микрофона
4, многие пишут что в этих ушах плохой микрофон, звук и давят на макушку, у некоторых все отлично, видимо китайцы не очень стараются, я считаю минусом то что в комплекте нет переходкика, так как у меня 1 вход для наушников на ноуте, вероятно лучше взять красные 330 про Переваги: дизайн Недоліки: нет переходника на 1 штекер
3, Удобный микрофон, хорошая слышимость. Привлекательная цена Переваги: Удобный микрофон, хорошая слышимость. Привлекательная цена Недоліки: нет вообще никакой мягкой прослойки на ободе наушника, один пластик, не очень комфортно.
5, Товар качественный. Обслуживание персонала превосходное. Доставка быстрая. Всё очень приятно. Буду заказывать ещё!
5, За такие деньги советую куплять... Переваги: Удобные,Отличный звук,Не плохой микрофон,Красивый Дизайн,Вполне длиный провод! Недоліки: Не нашол!
4, Довольно неоднозначное мнение у меня сложилось об этих наушниках. Как для бюджетного варианта вроде бы неплохие, но недостатков тоже хватает. В этих наушниках хорошо различимы звуки, для игр это плюс. Звук, если для игр то нормальный, но для прослушивания музыки они слабоваты, так что для музыки лучше берите что-то другое. Огорчило то, что в них долго не высидишь, уже где-то после получаса начинают болеть уши, хотя написано для длительного использования, еще (у меня) они плотно не прилегают к ушам. За качество сказать не могу, т. к. пользуюсь только больше недели, как они будут работать дальше не знаю, но пластик на них дешевенький. Что в них самое лучшее - так это дизайн и красивая коробка. Переваги: Хорошо различимы звуки, красивый дизайн. Недоліки: Не для длительного использования, слабоваты для прослушивания музыки.
5, Что еще радует - снаружи звук полностью подавляют. В общем, для ребенка лучшее) Переваги: Настоящий геймерский и яркий дизайн, качественный звук, длинный провод и достаточное качество за такую цену Недоліки: Может слишком маленький регулятор громкости
5, Лучшие наушники больше не скажешь Недоліки: Нету
5, Мне лично понравились они стильны цвет, амбушуры зачотные, звукоподавляющее Переваги: Хороший микрофон, хорошее звучание Недоліки: их нету)
5, Купил неделю назад. Шикарно играет музыка, Игра в ВОТ приобрела новые краски, звук ШИКАРНЫЙ! Переваги: Хорошие басы, микро отличный. Недоліки: В разьеме когда шевелишь поскрипывает в наушниках..
4, Мне нрав, цена за такие уши просто прекрасно) Переваги: Микро хороший, звучание норм) Недоліки: Слегка не удобный регулятор на голове...
3, Ну вообщем не плохо, микрофон удивил друзья сказали что лучше стал, и дизайн понравился Переваги: Стильный дизайн, хороший микрофон, почти полная изоляция звука, для кс отличный бюджетный вариант Недоліки: Давят не много на уши, и чуть меньше разъём, с телефоном плохо контактировала, и в компьютере отходили
4, за свои деньги хорошо
5, Скажите зачем второй розьем?Первы для того что бы подклбчитт наушники а второй зачем? Переваги: Все отлично
4, Взял себе для онлайн игр и скайпа , покупкой доволен , стоит больше чем свои деньги я так считаю , ну вообщем качество звука нормальное , басс маленький но присутвует микрофон отличный. Переваги: Отличный дизайн , хороший басс , для игр отлично подойдёт Недоліки: если долго в них играть "потеют" уши
5, Отличный уши за такие деньги
5, Превизли только сегодня,на фотке они немного отлычаються в лучшою форму. Переваги: Звук отличный,просто хочу жить в них всю свою жизнь,Не бойтесь,кирпича в коробке нету Недоліки: Микрофон 90% на 10%
3, Вчера вот забрал с НП.Первые ощущения. Стильные, удобные, амбюшоры очень мягкие. Микр тиховат, но в настройках винды добавил усиления на 10 дб и все нормик. Сами уши для прослушки музыки тихие, но я брал чисто для игр и скайпа. Но и еще прикол такой, не знаю то ли скайп лагает, то ли уши, звуки винды музыку воспроизводят уши,а в скайпе через раз работают не слышно собеседника. но время от времени все норм. еще разберусь Так что чисто для игр и скайпа за такое лове это очень даже хорошие уши. Переваги: Хороший внешний вид, комфортные, Хороший микрофон если настроить, Цена, для Скайпа и Игр самое то Недоліки: Тихие сами динамики, если слушать музыку,
5, Ну за такие деньги просто бомба, а не гарнитура берите пока есть )) Переваги: Не давят, звук нормальный и классно выглядит Недоліки: Нету
4, Не думал, что по такой цене найду столь качественные наушники. Но вот же они))) Рекомендую Переваги: Очень лёгкие и удобные, весёлый цвет и качественный провод. Недоліки: Немного фонят, хрупкие на вид
5, Прекрасные наушники , берите не пожалеете! Переваги: Очень удобные для игр. Для скайпа и доты с контрой в таком ценовом диапазоне прекрасные наушники. Недоліки: Немного приглушен звук , но это не страшно
5, Вони можуть спокійно конкурувати з відомими брендами як A4 Тих або Razer. Переваги: Відмінний звук, якість прийому звуку теж відмінна, поглинання шумів хорошое. Для гри в онлай шутери просто ідеальні. Недоліки: Сидять не дуже зручно на голові .
5, https://www.youtube.com/watch?v=0fMR-AyRxcM здесь вы можете посмотреть на их обзор Переваги: Хорошие наушники мне понравились) Недоліки: их нет
5, Только что через карту оплатил) Жду когда получу их)
4, Слушайте,а у меня 2 прохода (красное и зелёное) тут я вижу (голубой проводок) подойдут ли мне наушники? Переваги: Вроде норм по характеристикам Недоліки: Нету
4, За свою цену, наушники отличные. Переваги: Хороший микрофон, звук нормальный. Недоліки: Придраться не к чему, разве что немного давят на уши, когда сидишь в очках.
4, Брал 20 декабря,ну нормальные уши,качество звука оч.крутое глубокий бас.Вобщем покупкой доволен!Сколько времени прошло качество звука так же как и при покупке на высоте!!! Переваги: Бас,качество микрофона,дизайн,провод. Недоліки: Надавливает в уши приходится иногда(раз в пол часа)снимать чтоб уши отдохнули.
3, мне подарили на день рождения, хоть они геймерские но использовал в других целях. Пользовался мало, за 4 месяца всего 5 раз и накрылись( в левом динамике звук есть, правый не работает, проводок видимо оторвался с двух сторон) в какой сервисный центр обратится? Переваги: на вид навороченные Недоліки: когда долго сидишь ушы болят, плохое качество сборки
3, Трохи розчарувався, але що можна хотіти за таку ціну = ) Переваги: Крутий зовнішній вигляд, довгий та міцний провід. Недоліки: До ігрових навушників їм далеко! Мікрофон дуже тихий, інколи приходилось кричати, щоб мене почули... = (
4, Для тих хто любить хороше звучання за невеликі гроші це ваш вибір Переваги: Звучання просто супер за такі гроші Недоліки: Поки що не замітив
5, Очень понравились Переваги: Уши не трут , хорошо играют! Недоліки: Нету
5, Слухаю музику десь годину все нормально поки, мікрофон протестив теж нормальний звук Переваги: хороше звучання (настройте еквалайзер) Недоліки: поки що нема
4, Перше враження від навушників чудове. Гарно укомплектовані та яскрава упаковка. Яскраві і самі навушники, гарний та приваблюючий зовнішній вигляд. При першому одяганні відчувається легкість: після 10 хв. користування ледь не забув, що я в них. Також гарна звукоізоляція: не чути того, шо відбувається навкого тебе. Дуже зручно при перегляданні фільму, нічого не відволікає. Єдине, що не сподобалось, це те, що трохи приглушений звук і недостатньо чіткий, але загалом навушники дуже класні. У відношенні ціна-якість більш кращих я ще не бачив. Переваги: Зручні, легкі та доволі гучні Недоліки: Трохи приглушений звук
5, Пользуюсь несколько дней. Впечатления очень хорошие, за четыре часа проведенных в играх - уши не устали, обруч голову не сдавливал. Звучание хорошее, плотно прилегающие амбушюры обеспечивают "изоляцию" от внешнего мира :-) Покупкой доволен, нареканий на доставку ("Нова пошта") нету. Переваги: Удобность, качество звука/цена Недоліки: Не обнаружено
4, Купил наушники,сначала думал только зря деньги потратил.Но потом привык и играю спокойно в разные игры. Переваги: За свою цену отличные. Недоліки: Нету.
5, За свою цену отличная гарнитура, кто пишет что звук не очень,,,это смотря с чем сравнивать если с крутыми гарнитурами то да не очень звук а если учесть цену 3,5 бакса то звук бомба микрофон супер!!!! Советую берите Переваги: За небольшие деньги хорошая гарнитура,особенно на подарок. Классный дизайн, длинный провод,звук нормальный Недоліки: Нету. Доволен.
4, За свою цену хорошие наушники. Советую! Переваги: Хорошое звучание , норм басс. Недоліки: Не знаю как у вас , но у меня все время потеет область ушей .
5, покупкой доволен Переваги: хороший и удобный дизайн хороший звук микрофон не фонит
4, Хорошие наушники,качественный звук вобщем в поряде. Недоліки: Немного болтается левая сторона,можно их было сделать теже а то не плотно прилягают у ушам!
5, не ожидал... наушники в живую на 10+ и за смешные деньги. всем советую Переваги: дизайн / удобство / цена Недоліки: пока нету
4, Наушники суперские, в свойствах подшаманил над звуком, теперь не могу от них оторваться) Переваги: Не давит на уши, провод удобный, подкладки мягкие, звук приемлевый) Недоліки: Потеют уши, микрофон правда.. (друзья говорят "как будто в ванной сижу"
5, Всем удачи на акции :) Переваги: На свою цену они работают очень хорошо. Недоліки: Слабенький бас.
4, В общем нормальные уши. Переваги: Микрофон норм, но если в комнате кто-то говорит по тел. в 5м будет слишно собеседнику, толстый провод, не плохо сидят на голове, удобно. Недоліки: Лично для меня тихие, само качество звука хорошее, но громкости трагично (лично для меня) не хватает. Давал пробывать меме послушать она сказала что ей даже громко. Регулятор громкости великоват и нет кнопки выкл. микрофона.
5, Звук вполне неплох (еще ничего не настраивал). Лучше ими орехи не колоть. Переваги: Очень толстый кабель, довольно удобные, в скайпе собеседник одобрил микрофон, если не присматриваться то выглядят дорого. Недоліки: Обруч из слабоватого пластика, думаю сломается без особых усилий, лично для меня плохо что микрофон нельзя пододвинуть ближе (привычка с предыдущей гарнитуры где микрофон мог гнуться во всех направлениях)
5, Легкие в настройке и использование . Переваги: Удобные наушники ,при правильной настройке могут заменить дорогие игровые гарнитуры.нету лишних драйверов . Недоліки: У кого ну очень маленькая голова не подойдут.
4, Путем шаманства с эквалайзером звук получился нормальный. Микрофон тоже хороший. Усиление +10. Переваги: Громкие, красивые, удобные. Недоліки: Слишком большой переключатель громкости, цепляется за стол, если резко подняться. Требуют настройки.
5, Ну если брать в таком денежном диапазоне то найти что то лучшое не реально!!!Мне для игры в C.S 1.6 и скайпа с голово хватает!!!Было где то пар 5 наушников то звучание на сравнить!!! Кому надо недорогие игровые уши берите и не думайте!! Переваги: Длина шнура 2.4м!!!Внешний вид!!!Микрофон!!! Недоліки: Нет!
3, наушники норм ! за свою цену НО после дорогих сложно привыкнуть у меня до этого были термалтейк изменил потому как микрофон был плохой а здесь 4/5 за свой деньги норм 3,5/5 Переваги: хороший дизайн красиво поданы микрофон за такие деньги просто шик Недоліки: амбушуры из коже заменителя это очень плохо через 10-20 минут начинают потеть уши но если вам не тяжело то можно пошить чехольчики из ткани как я если нет ищи другие наушники !
5, Брал на подарок племяннику долго не юзал но могу составить первые впечатления! Понравилось качество изготовления и упаковка.длинный провод который выполнен в цветовой гамме наушников. на голове веса почти не ощущается наушники легкие и на вид крепкие. Переваги: Цена, упаковка, внешний вид и длинна провода Недоліки: не нашел
