5, Вчера утром забрал на Новой почте и часов 10 играл в доту, решил вспомнить студ. годы. Скажу так: удобнее наушников я еще не одевал. 6 часов беспрерывной игры в наушниках не вызвали абсолютно никакого дискомфорта!!! Откровенно положительно удивлен. Микрофон не фонит. Все в них на ура. ХОТЯ есть одно небольшое НО - чувствую как уши начинают нагреваться, хотя сейчас лето, думаю зимой будет отлично. До этого были у меня Сайберия 200, так вот, Сибирь отдыхает. Всем рекомендую Переваги: Отличный дизайн; удобные; настраиваемая подсветка; не жмут на голову. Недоліки: не заметил
5, Скажите, у этих наушников есть хоть небольшая шумоизоляция? Речь не о микрофоне, а именно о самих наушниках, когда они надеты - посторонние шумы сильно слышны? Если да, то есть ли наушники данной фирмы с лучшей шумоизоляцией? Переваги: Еще не приобрёл Недоліки: Еще не приобрёл
5, Вопрос к представителю компании. Скажите пожалуйста подойдёт ли для работы в офисе? Нас в офисе много и большой гул. Как на это реагирует микрофон? Будет клиентам слышно только меня или весь офис?? Спасибо! Переваги: Подсветка Недоліки: -
5, 11 из 10. звук великолепный. микрофон звучит очень качественно. довольна невероятно Переваги: очень удобные; отличный звук; шикарно выглядят. Недоліки: много лишних настроек и не удается активировать на сайте SteelSeries
5, Здравствуйте,подскажите примерное время поставки,кнопка "сообщить" это хорошо,но хотелось бы узнать хотя бы примерно,ведь покупать уже нужно.Буду благодарен. Переваги: . Недоліки: .
